-- Додавання працівників
INSERT INTO worker (ID, NAME, BIRTHDAY, LEVEL, SALARY) VALUES
  (1, 'John Doe', '1990-05-15', 'Senior', 5000),
  (2, 'Sara Conor', '1988-12-20', 'Middle', 4000),
  (3, 'Bob Johnson', '1995-08-10', 'Junior', 3000),
  (4, 'Alice Smith', '1992-03-25', 'Trainee', 800),
  (5, 'Eva Davis', '1993-11-05', 'Senior', 5500),
  (6, 'Michael White', '1985-07-08', 'Junior', 1200),
  (7, 'Olivia Brown', '1998-02-18', 'Middle', 3500),
  (8, 'Daniel Miller', '1991-09-30', 'Trainee', 900),
  (9, 'Sophia Wilson', '1987-06-12', 'Senior', 5200),
  (10, 'Matthew Taylor', '1994-12-08', 'Junior', 2500);

-- Додавання клієнтів
INSERT INTO client (ID, NAME) VALUES
  (1, 'Client A'),
  (2, 'Client B'),
  (3, 'Client C'),
  (4, 'Client D'),
  (5, 'Client E');

-- Додавання проєктів
INSERT INTO project (ID, CLIENT_ID, START_DATE, FINISH_DATE) VALUES
  (1, 1, '2022-01-01', '2023-01-01'),
  (2, 2, '2022-02-01', '2023-02-01'),
  (3, 3, '2022-03-01', '2023-03-01'),
  (4, 4, '2022-04-01', '2023-04-01'),
  (5, 5, '2022-05-01', '2023-05-01'),
  (6, 1, '2022-06-01', '2023-06-01'),
  (7, 2, '2022-07-01', '2023-07-01'),
  (8, 3, '2022-08-01', '2023-08-01'),
  (9, 4, '2022-09-01', '2023-09-01'),
  (10, 5, '2022-10-01', '2023-10-01');

-- Додавання працівників до проєктів
INSERT INTO project_worker (PROJECT_ID, WORKER_ID) VALUES
  (1, 1),
  (1, 2),
  (2, 2),
  (2, 3),
  (3, 3),
  (3, 4),
  (4, 4),
  (4, 5),
  (5, 5),
  (5, 6),
  (6, 6),
  (6, 7),
  (7, 7),
  (7, 8),
  (8, 8),
  (8, 9),
  (9, 9),
  (9, 10),
  (10, 10),
  (10, 1);